{
  "rulesDirectory": [
    "node_modules/codelyzer"
  ],
    "rules": {
        "adjacent-overload-signatures": true,
        "class-name": true,
        "comment-format": [
            false,
            "check-space"
        ],
        "curly": [true, "ignore-same-line"],
        "indent": [
            false,
            "spaces"
        ],
        "max-classes-per-file": [true, 1],
        "no-conditional-assignment": true,
        "no-consecutive-blank-lines": false,
        "no-eval": true,
        "no-inferrable-types": [true],
        "no-internal-module": true,
        "no-invalid-template-strings": true,
        "no-magic-numbers": true,
        "no-trailing-whitespace": false,
        "no-unsafe-finally": true,
        "no-unused-expression": [true, "allow-fast-null-checks"],
        "no-unused-variable": true,
        "no-var-keyword": true,
        "one-line": [
            false,
            "check-open-brace",
            "check-whitespace"
        ],
        "only-arrow-functions": [
            true,
            "allow-declarations",
            "allow-named-functions"
        ],
        "prefer-const": true,
        "prefer-for-of": true,
        "prefer-template": [true, "allow-single-concat"],
        "quotemark": [
            true,
            "double",
            "jsx-double",
            "avoid-escape"
        ],
        "semicolon": [
            true,
            "always"
        ],
        "triple-equals": [
            true,
            "allow-null-check"
        ],
        "typedef-whitespace": [
            false,
            {
                "call-signature": "nospace",
                "index-signature": "nospace",
                "parameter": "nospace",
                "property-declaration": "nospace",
                "variable-declaration": "nospace"
            }
        ],
        "unified-signatures": true,
        "variable-name": [
            true,
            "ban-keywords"
        ],
        "whitespace": [
            true,
            "check-branch",
            "check-decl",
            "check-operator",
            "check-separator",
            "check-type"
        ]
    }
}
