{"3":"Colleges of the Fenway",
"4":"Tremont St. at Berkeley St.",
"5":"Northeastern U / North Parking Lot",
"6":"Cambridge St. at Joy St.",
"7":"Fan Pier",
"8":"Union Square - Brighton Ave. at Cambridge St.",
"9":"Agganis Arena - 925 Comm Ave.",
"10":"B.U. Central - 725 Comm. Ave.",
"11":"Longwood Ave / Binney St",
"12":"Ruggles Station / Columbus Ave.",
"13":"Boston Medical Center - 721 Mass. Ave.",
"14":"Louis Pasteur / Longwood Ave",
"15":"Harvard Real Estate - Brighton Mills - 370 Western Ave",
"16":"Back Bay / South End Station",
"17":"Harvard University Housing - 111 Western Ave. at Soldiers Field Park ",
"18":"Harvard Real Estate - 219 Western Ave. at North Harvard St.",
"19":"Buswell Park",
"20":"Aquarium Station - 200 Atlantic Ave.",
"21":"Prudential Center / Belvidere",
"22":"South Station - 700 Atlantic Ave.",
"23":"Mayor Thomas M. Menino - Government Center",
"24":"Seaport Square - Seaport Blvd. at Boston Wharf",
"25":"Tremont St / W Newton St",
"26":"Washington St. at Waltham St.",
"27":"Roxbury Crossing Station",
"29":"Innovation Lab - 125 Western Ave. at Batten Way",
"30":"Brigham Cir / Huntington Ave",
"31":"Seaport Hotel",
"32":"Landmark Centre",
"33":"Kenmore Sq / Comm Ave",
"34":"Overland St at Brookline Ave",
"35":"Summer St. / Arch St.",
"36":"Boston Public Library - 700 Boylston St.",
"37":"New Balance - 38 Guest St.",
"38":"TD Garden - Legends Way",
"39":"Washington St. at Rutland St.",
"40":"Lewis Wharf - Atlantic Ave.",
"41":"Packard's Corner - Comm. Ave. at Brighton Ave.",
"42":"Boylston St. at Arlington St.",
"43":"Rowes Wharf - Atlantic Ave",
"44":"Faneuil Hall - Union St. at North St.",
"45":"Yawkey Way at Boylston St.",
"46":"Christian Science Plaza",
"47":"Cross St. at Hanover St.",
"48":"Post Office Square",
"49":"Stuart St. at Charles St.",
"50":"Boylston St / Berkeley St",
"51":"Washington St. at Lenox St.",
"52":"Newbury St / Hereford St",
"53":"Beacon St / Mass Ave",
"54":"Tremont St / West St",
"55":"Boylston / Mass Ave",
"56":"Dudley Square",
"57":"Columbus Ave. at Mass. Ave.",
"58":"The Esplanade - Beacon St. at Arlington St.",
"59":"Chinatown Gate Plaza - Surface Rd. at Beach St.",
"60":"Charles Circle - Charles St. at Cambridge St.",
"61":"Boylston at Fairfield",
"62":"Longwood Ave/Riverway",
"63":"Dorchester Ave. at Gillette Park",
"64":"Congress / Sleeper",
"65":"Boston Convention & Exhibition Center",
"66":"Allston Green District - Commonwealth Ave & Griggs St",
"67":"MIT at Mass Ave / Amherst St",
"68":"Central Square at Mass Ave / Essex St",
"69":"Coolidge Corner - Beacon St @ Centre St",
"70":"Harvard Kennedy School at Bennett St / Eliot St",
"71":"Conway Park - Somerville Avenue",
"72":"One Broadway / Kendall Sq at Main St / 3rd St",
"73":"Harvard Square at Brattle St / Eliot St",
"74":"Harvard Square at Mass Ave/ Dunster",
"75":"Lafayette Square at Mass Ave / Main St / Columbia St",
"76":"Central Sq Post Office / Cambridge City Hall at Mass Ave / Pleasant St",
"77":"Somerville City Hall",
"78":"Union Square - Somerville",
"79":"Beacon St at Washington / Kirkland",
"80":"MIT Stata Center at Vassar St / Main St",
"81":"Boylston St / Washington St",
"82":"Brookline Town Hall / Library Washington St",
"83":"South Bay Plaza",
"84":"CambridgeSide Galleria - CambridgeSide PL at Land Blvd",
"85":"Andrew Station - Dorchester Ave at Humboldt Pl",
"86":"Brookline Village - Station Street @ MBTA",
"87":"Harvard University Housing - 115 Putnam Ave at Peabody Terrace",
"88":"Inman Square at Vellucci Plaza / Hampshire St",
"89":"Harvard Law School at Mass Ave / Jarvis St",
"90":"Lechmere Station at Cambridge St / First St",
"91":"One Kendall Square at Hampshire St / Portland St",
"92":"University of Massachusetts Boston",
"93":"JFK / UMASS Station",
"94":"Charlestown - Main St at Austin St",
"95":"Cambridge St - at Columbia St / Webster Ave",
"96":"Cambridge Main Library at Broadway / Trowbridge St",
"97":"Harvard  University River Houses at DeWolfe St / Cowperthwaite St",
"98":"Charlestown - Warren St at Chelsea St"}