{
  "title":"SVG (basic support)",
  "description":"Method of displaying basic Vector Graphics features using the embed or object elements",
  "spec":"http://www.w3.org/Graphics/SVG/",
  "status":"rec",
  "links":[
    {
      "url":"http://code.google.com/p/svgweb/",
      "title":"SVG Web: Flash-based polyfill"
    },
    {
      "url":"http://svg-edit.googlecode.com",
      "title":"Web-based SVG editor"
    },
    {
      "url":"https://raw.github.com/phiggins42/has.js/master/detect/graphics.js#svg",
      "title":"has.js test"
    },
    {
      "url":"http://www.alistapart.com/articles/using-svg-for-flexible-scalable-and-fun-backgrounds-part-i",
      "title":"A List Apart article"
    },
    {
      "url":"http://en.wikipedia.org/wiki/Scalable_Vector_Graphics",
      "title":"Wikipedia"
    },
    {
      "url":"http://svg-wow.org/",
      "title":"SVG showcase site"
    }
  ],
  "bugs":[
    {
      "description":"Chrome 26 doesn't support the attribute preserveAspectRatio=none."
    },
    {
      "description":"SVG graphics look pixelated when zooming in or using scaled up images in Opera Mini & Opera Mobile 12.1-."
    }
  ],
  "categories":[
    "SVG"
  ],
  "stats":{
    "ie":{
      "5.5":"n",
      "6":"p",
      "7":"p",
      "8":"p",
      "9":"y",
      "10":"y",
      "11":"y"
    },
    "firefox":{
      "2":"a",
      "3":"y",
      "3.5":"y",
      "3.6":"y",
      "4":"y",
      "5":"y",
      "6":"y",
      "7":"y",
      "8":"y",
      "9":"y",
      "10":"y",
      "11":"y",
      "12":"y",
      "13":"y",
      "14":"y",
      "15":"y",
      "16":"y",
      "17":"y",
      "18":"y",
      "19":"y",
      "20":"y",
      "21":"y",
      "22":"y",
      "23":"y",
      "24":"y",
      "25":"y",
      "26":"y",
      "27":"y",
      "28":"y",
      "29":"y"
    },
    "chrome":{
      "4":"y",
      "5":"y",
      "6":"y",
      "7":"y",
      "8":"y",
      "9":"y",
      "10":"y",
      "11":"y",
      "12":"y",
      "13":"y",
      "14":"y",
      "15":"y",
      "16":"y",
      "17":"y",
      "18":"y",
      "19":"y",
      "20":"y",
      "21":"y",
      "22":"y",
      "23":"y",
      "24":"y",
      "25":"y",
      "26":"y",
      "27":"y",
      "28":"y",
      "29":"y",
      "30":"y",
      "31":"y",
      "32":"y",
      "33":"y",
      "34":"y",
      "35":"y"
    },
    "safari":{
      "3.1":"a",
      "3.2":"y",
      "4":"y",
      "5":"y",
      "5.1":"y",
      "6":"y",
      "6.1":"y",
      "7":"y"
    },
    "opera":{
      "9":"y",
      "9.5-9.6":"y",
      "10.0-10.1":"y",
      "10.5":"y",
      "10.6":"y",
      "11":"y",
      "11.1":"y",
      "11.5":"y",
      "11.6":"y",
      "12":"y",
      "12.1":"y",
      "15":"y",
      "16":"y",
      "17":"y",
      "18":"y",
      "19":"y",
      "20":"y",
      "21":"y"
    },
    "ios_saf":{
      "3.2":"y",
      "4.0-4.1":"y",
      "4.2-4.3":"y",
      "5.0-5.1":"y",
      "6.0-6.1":"y",
      "7.0":"y"
    },
    "op_mini":{
      "5.0-7.0":"y"
    },
    "android":{
      "2.1":"n",
      "2.2":"n",
      "2.3":"n",
      "3":"y",
      "4":"y",
      "4.1":"y",
      "4.2-4.3":"y",
      "4.4":"y"
    },
    "bb":{
      "7":"y",
      "10":"y"
    },
    "op_mob":{
      "10":"y",
      "11":"y",
      "11.1":"y",
      "11.5":"y",
      "12":"y",
      "12.1":"y",
      "0":"y"
    },
    "and_chr":{
      "0":"y"
    },
    "and_ff":{
      "0":"y"
    },
    "ie_mob":{
      "10":"y"
    }
  },
  "notes":"",
  "usage_perc_y":84.69,
  "usage_perc_a":0.02,
  "ucprefix":false,
  "parent":"",
  "keywords":"",
  "shown":true
}